timestamp;actual;predicted
1;[0, 5];[0, 4]
2;[0, 5];[0, 3]
3;[0, 5];[0, 4]
4;[0, 5];[0, 3]
5;[0, 5];[0, 4]
6;[0, 5];[0, 4]
7;[0, 5];[0, 4]
8;[0, 5];[0, 4]
9;[0, 5];[0, 4]
10;[0, 5];[0, 4]
11;[0, 5];[0, 4]
12;[0, 5];[0, 3]
13;[0];[4]
14;[0];[0, 3]
15;[0, 4];[0, 4]
16;[0];[0, 4]
17;[0];[0, 4]
18;[0];[0, 3]
19;[0];[0, 4]
20;[0];[0, 3]
21;[0];[0, 3]
22;[0];[0, 4]
23;[0];[0, 4]
24;[0];[4]
25;[0];[4]
26;[0];[0, 3]
27;[0];[0, 3]
28;[0];[0, 3]
29;[0];[0, 4]
30;[0];[0, 4]
31;[0];[0, 4]
32;[0];[0, 4]
33;[0];[0, 4]
34;[0];[0, 3]
35;[0, 4];[0, 3]
36;[0];[4]
37;[0];[3]
38;[0];[0]
39;[0];[0, 3]
40;[0];[0, 3]
41;[0];[0, 4]
42;[0];[0, 4]
43;[0];[0, 4]
44;[0];[0, 3]
45;[0];[4]
46;[0, 4];[0, 3]
47;[0];[0, 4]
48;[0];[0, 3]
49;[0];[0, 3]
50;[0];[0]
51;[0];[0, 4]
52;[0];[0, 3]
53;[0];[0, 3]
54;[0];[0, 3]
55;[0, 4];[0, 3]
56;[0];[0, 4]
57;[0];[0, 3]
58;[0];[0, 4]
59;[0];[0, 4]
60;[0];[0]
61;[0];[0]
62;[0];[0]
63;[0];[0]
64;[0];[0]
65;[0];[0]
66;[0];[0]
67;[0];[0]
68;[0];[0]
69;[0];[0]
70;[0, 4];[0]
71;[0];[0]
72;[0];[0]
73;[0];[0, 4]
74;[0];[0, 4]
75;[0];[0, 3]
76;[0];[0]
77;[0];[0]
78;[0];[0]
79;[0];[3]
80;[0];[0, 3]
81;[0];[0]
82;[0];[1]
83;[0];[0, 3]
84;[0];[0, 3]
85;[0];[0, 4]
86;[0];[0, 3]
87;[0];[0, 4]
88;[0];[0, 4]
89;[0];[0, 4]
90;[0];[0]
91;[0, 4];[0]
92;[0];[0, 4]
93;[0];[0]
94;[0];[0, 4]
95;[0];[0, 4]
96;[0];[0, 4]
97;[0];[0]
98;[0, 4];[0, 4]
99;[0];[0, 4]
100;[0];[0]
101;[0, 4];[0]
102;[0];[0]
103;[0];[4]
104;[0];[0, 4]
105;[0];[0]
106;[0];[1]
107;[0];[0]
108;[0];[0]
109;[0];[0]
110;[0];[0]
111;[0];[0]
112;[0];[4]
113;[0, 4];[0, 4]
114;[0];[0]
115;[0];[0, 4]
116;[0];[0]
117;[0];[0]
118;[0];[0]
119;[0];[0]
120;[0];[0]
121;[0];[0]
122;[0];[0]
123;[0];[0]
124;[0];[0]
125;[0];[0, 4]
126;[0];[0, 4]
127;[0];[0, 3]
128;[0];[0, 3]
129;[0];[0, 3]
130;[0];[4]
131;[0, 4];[0]
132;[0];[0, 4]
133;[0];[0, 3]
134;[0, 4];[4]
135;[0];[0, 4]
136;[0];[0]
137;[0];[0, 3]
138;[0];[0, 3]
139;[0, 4];[0]
140;[0];[4]
141;[0];[0]
142;[0];[0]
143;[0];[0, 3]
144;[0];[0]
145;[0];[3]
146;[0];[0, 3]
147;[0];[0]
148;[0];[0]
149;[0];[0, 3]
150;[0];[0, 4]
151;[0];[0]
152;[0];[0]
153;[0, 4];[0, 4]
154;[0];[0]
155;[0, 4];[0, 3]
156;[0];[4]
157;[0];[4]
158;[0];[0]
159;[0];[3]
160;[0];[4]
161;[0];[4]
162;[0];[0]
163;[1];[1, 4]
164;[1];[1]
165;[1];[1]
166;[1];[1]
167;[1];[1, 4]
168;[1];[1]
169;[1];[1]
170;[1];[1, 4]
171;[1];[3]
172;[1];[1]
173;[1];[1]
174;[1];[1]
175;[1];unknwon
176;[1];[1, 4]
177;[1];[1]
178;[1];[1]
179;[1];[0]
180;[1];[1, 4]
181;[1];[1]
182;[1];[1, 4]
183;[1];[1]
184;[1];[1, 4]
185;[1];[1]
186;[1];[1]
187;[1];[1, 4]
188;[1];[1]
189;[1];[1]
190;[1];[1, 4]
191;[1];[1, 3]
192;[1];[0]
193;[1];[1, 4]
194;[1];unknwon
195;[1];[1]
196;[1];[1, 4]
197;[1];[1]
198;[1];[1]
199;[1];[1]
200;[1];[1]
201;[1];[3]
202;[1];[1, 4]
203;[1];[4]
204;[1];[1, 4]
205;[1];[1]
206;[1];[1, 4]
207;[1];[1, 4]
208;[1];[1]
209;[1];[0]
210;[1];[1]
211;[1];[1]
212;[1];[1]
213;[1];[1]
214;[1];[1]
215;[1];[1]
216;[1];[3]
217;[1];unknwon
218;[1];[1]
219;[1];[1, 4]
220;[1];[1]
221;[1];[1]
222;[1];[1]
223;[1];[1]
224;[1];[1, 4]
225;[1];[1, 4]
226;[1];[1, 4]
227;[1];[1]
228;[1];[1, 4]
229;[1];[1, 4]
230;[1];[3]
231;[1];[0]
232;[1];[1]
233;[1];[0]
234;[1];[1]
235;[1];[4]
236;[1];[1, 4]
237;[1];[1, 4]
238;[1];[1, 3]
239;[1];[1, 4]
240;[1];[1, 4]
241;[1];[1, 4]
242;[1];[1, 4]
243;[1];[4]
244;[1];[1, 4]
245;[1];[0]
246;[1];[1]
247;[1];[3]
248;[1];[3]
249;[1];[3]
250;[1];[0]
251;[1];[1]
252;[1];[1]
253;[1];[3, 4]
254;[1];[0]
255;[1];[0]
256;[1];[1, 4]
257;[1];[1]
258;[1];[1]
259;[1];[1, 4]
260;[1];[4]
261;[1];[1, 4]
262;[1];[1, 4]
263;[3];[0, 3]
264;[3];[3]
265;[3];[0, 3]
266;[3, 4];[3]
267;[3];[3]
268;[3];[3]
269;[3, 4];[0]
270;[3];[3]
271;[3, 4];[3]
272;[3];[3]
273;[3];[3]
274;[3];[3]
275;[3];[3]
276;[3];[0, 3]
277;[3];[3]
278;[3];[4]
279;[3];[3]
280;[3];[0, 3]
281;[3];[3]
282;[3];[3]
283;[3];[3]
284;[3];[3]
285;[3];[3]
286;[3];[3]
287;[3];[0, 3]
288;[3];[3]
289;[3];[3]
290;[3, 4];[3]
291;[3];[0, 4]
292;[3];[0, 3]
293;[3];[4]
294;[3];[0, 3]
295;[3];[3]
296;[3];[0]
297;[3];[3]
298;[3];[3]
299;[3];[3]
300;[3];[4]
301;[3];[4]
302;[3];[3]
303;[3];[3, 4]
304;[3];[3, 4]
305;[3];[3]
306;[3];[3]
307;[3, 4];[3]
308;[3];[0, 3]
309;[3];[3]
310;[3, 4];[3]
311;[3];[3]
312;[3];[3]
313;[3];[1, 4]
314;[3];[3]
315;[3];[3]
316;[3];[3, 4]
317;[3];[0]
318;[3, 4];[3]
319;[3];[3]
320;[3];[3]
321;[3];[3]
322;[3];[3]
323;[3];[3]
324;[3];[3]
325;[3];[3]
326;[3];[3]
327;[3];[0]
328;[3];[3]
329;[3, 4];[3]
330;[3];[3]
331;[3];[3]
332;[3];[3]
333;[3];[0, 3]
334;[3];[3]
335;[3];[3]
336;[3];[3]
337;[3];[3]
338;[3];[3]
339;[3];[4]
340;[3];[3]
341;[3];[3]
342;[3];[3]
343;[3];[3]
344;[3];[0]
345;[3];[3]
346;[3];[0]
347;[3];[3]
348;[3];[3]
349;[3];[0, 3]
350;[3];[4]
351;[3];[3]
352;[3, 4];[3]
353;[3];[3]
354;[3];[3]
355;[3];[3]
356;[3];[3]
357;[3];[3]
358;[3];[3]
359;[3];[3]
360;[3, 4];[3]
361;[3];[3]
362;[3];[3]
363;[3];[4]
364;[3];[3]
365;[3];[3]
366;[3];[3]
367;[3];[3]
368;[3];[4]
369;[3];[3]
370;[3];[0, 3]
371;[3];[3]
372;[3];[3]
373;[3];[3]
374;[3, 4];[0]
375;[3, 4];[0, 4]
376;[3, 4];[3]
377;[3, 4];[4]
378;[4];[4]
379;[4];[4]
380;[4];[4]
381;[4];[4]
382;[3, 4];[3]
383;[4];[4]
384;[4];[4]
385;[4];[3, 4]
386;[4];[0, 4]
387;[4];[4]
388;[4];[4]
389;[4];[4]
390;[4];[3, 4]
391;[4];[4]
392;[4];[0]
393;[4];[0]
394;[4];[4]
395;[4];[0, 3]
396;[4];[1]
397;[4];[4]
398;[4];[4]
399;[4];[3]
400;[4];[3]
401;[4];[0]
402;[3, 4];[3]
403;[3, 4];[3]
404;[4];[4]
405;[4];[3]
406;[4];[0]
407;[4];[0]
408;[4];[3]
409;[4];[3]
410;[4];[4]
411;[4];[4]
412;[4];[4]
413;[4];[3, 4]
414;[4];[4]
415;[4];[4]
416;[4];[4]
417;[4];[0]
418;[4];[0]
419;[4];[4]
420;[4];[4]
421;[4];[4]
422;[4];[4]
423;[4];[4]
424;[4];[4]
425;[4];[4]
426;[4];[4]
427;[4];[4]
428;[4];[4]
429;[4];[1]
430;[4];[4]
431;[4];[4]
432;[4];[0]
433;[4];[1]
434;[4];[0]
435;[4];[4]
436;[4];[4]
437;[4];[4]
438;[4];[3]
439;[4];[4]
440;[4];[4]
441;[4];[4]
442;[4];[4]
443;[4];[3]
444;[4];[3]
445;[4];[4]
446;[4];[4]
447;[4];[4]
448;[4];[3]
449;[4];[3, 4]
450;[4];[4]
451;[4];[0, 3]
452;[4];[4]
453;[4];[4]
454;[4];[0, 4]
455;[4];[3]
456;[4];[3, 4]
457;[4];[4]
458;[4];[4]
459;[4];[4]
460;[4];[3]
461;[4];[0, 4]
462;[4];[0, 3]
463;[4];[4]
464;[3, 4];[4]
465;[4];[4]
466;[4];[4]
467;[3, 4];[4]
468;[4];[4]
469;[4];[4]
470;[4];[4]
471;[4];[4]
472;[4];[4]
473;[4];[4]
474;[4];[1]
475;[4];[0]
476;[4];[3]
477;[4];[0]
478;[4];[1]
479;[4];[4]
480;[4];[4]
481;[4];[4]
482;[4];[4]
483;[4];[4]
484;[4];[4]
485;[4];[4]
486;[3, 4];[4]
487;[4];[4]
488;[4];[4]
489;[4];[4]
490;[4];[4]
491;[4];[4]
492;[4];[0]
493;[4];[0, 4]
494;[4];[0, 4]
495;[4];[0]
496;[4];[4]
497;[4];[4]
498;[4];[4]
499;[4];[4]
500;[4];[0]
501;[4];[3, 4]
502;[4];[3, 4]
503;[4];[3, 4]
504;[4];[3, 4]
505;[4];[3, 4]
506;[4];[0, 3, 4]
507;[4];[3, 4]
508;[4];[3, 4]
509;[4];[3, 4]
510;[4];[3, 4]
511;[4];[0, 3, 4]
512;[4];[3, 4]
513;[4];[0, 3, 4]
514;[4];[3, 4]
515;[4];[0, 3, 4]
516;[4];[3, 4]
517;[4];[0, 3, 4]
518;[4];[0, 3, 4]
519;[4];[3, 4]
520;[4];[0, 3, 4]
521;[4];[3, 4]
522;[4];[0, 3, 4]
523;[4];[0, 3, 4]
524;[4];[3, 4]
525;[4];[3, 4]
526;[4];[0, 3, 4]
527;[4];[0, 3]
528;[4];[3, 4]
529;[4];[3, 4]
530;[4];[3, 4]
531;[4];[3, 4]
532;[4];[0, 3, 4]
533;[4];[3, 4]
534;[4];[3, 4]
535;[4];[0, 3, 4]
536;[4];[0, 3, 4]
537;[4];[0, 3, 4]
538;[4];[3, 4]
539;[4];[0, 3, 4]
540;[4];[3, 4]
541;[4];[0, 3]
542;[4];[3, 4]
543;[4];[3, 4]
544;[4];[3, 4]
545;[4];[3, 4]
546;[4];[3, 4]
547;[4];[0, 1]
548;[4];[3, 4]
549;[4];[3, 4]
550;[4];[3, 4]
551;[4];[3, 4]
552;[3, 4];[3, 4]
553;[4];[3, 4]
554;[4];[3, 4]
555;[4];[0, 3, 4]
556;[4];[0, 3, 4]
557;[4];[3, 4]
558;[4];[3, 4]
559;[4];[0, 4]
560;[4];[3, 4]
561;[4];[0, 3, 4]
562;[5];[0, 3, 4]
563;[5];[0, 3]
564;[5];[0, 3, 4]
565;[5];[0, 3]
566;[5];[0, 3, 4]
567;[5];[3, 4]
568;[5];[3, 4]
569;[5];[3, 4]
570;[5];[0, 3, 4]
571;[5];[3, 4]
572;[5];[0, 3, 4]
573;[5];[0, 3]
574;[5];[0, 3, 4]
575;[5];[3, 4]
576;[5];[0, 3, 4]
577;[5];[0, 3, 4]
578;[5];[3, 4]
579;[5];[3, 4]
580;[5];[0, 3, 4]
581;[5];[3, 4]
582;[5];[3, 4]
583;[5];[0, 3]
584;[5];[0, 3, 4]
585;[5];[0, 3, 4]
586;[5];[0, 3]
587;[5];[0, 3, 4]
588;[5];[0, 3, 4]
589;[5];[3, 4]
590;[5];[0, 4]
591;[5];[0, 3, 4]
592;[5];[0, 3, 4]
593;[5];[0, 3, 4]
594;[5];[3, 4]
595;[5];[3, 4]
596;[5];[3, 4]
597;[5];[3, 4]
598;[5];[3, 4]
599;[5];[0, 3, 4]
600;[5];[0, 3, 4]
601;[5];[3, 4]
602;[5];[3, 4]
603;[5];[1, 4]
604;[5];[3, 4]
605;[5];[3, 4]
606;[5];[3, 4]
607;[5];[0, 3, 4]
608;[5];[3, 4]
609;[5];[3, 4]
610;[5];[3, 4]
611;[5];[3, 4]
612;[5];[3, 4]
613;[5];[3, 4]
614;[5];[0, 3, 4]
615;[5];[0, 3]
616;[5];[0, 3, 4]
617;[5];[0, 1, 4]
618;[5];[0, 3, 4]
619;[5];[0, 3, 4]
620;[5];[0, 3, 4]
621;[5];[3, 4]
622;[5];[0, 3, 4]
623;[5];[0, 3, 4]
624;[5];[3, 4]
625;[5];[3, 4]
626;[5];[0, 3, 4]
627;[5];[4]
628;[5];[0, 3]
629;[5];[0, 3, 4]
630;[5];[3, 4]
631;[5];[3, 4]
632;[5];[1]
633;[5];[3, 4]
634;[5];[3, 4]
635;[5];[0, 3, 4]
636;[5];[4]
637;[5];[4]
638;[5];[3, 4]
639;[5];[0, 3, 4]
640;[5];[3, 4]
641;[5];[3, 4]
642;[5];[0, 3, 4]
643;[5];[0, 3, 4]
644;[5];[0, 3, 4]
645;[5];[0, 3, 4]
646;[5];[3, 4]
647;[5];[0, 3, 4]
648;[5];[3, 4]
649;[5];[1, 4]
650;[5];[0, 3, 4]
651;[5];[0, 3, 4]
652;[5];[0, 3, 4]
653;[5];[0, 3]
654;[5];[1]
655;[5];[3, 4]
656;[5];[3, 4]
657;[5];[0, 3, 4]
658;[5];[4]
659;[5];[0, 3, 4]
660;[5];[3, 4]
661;[5];[3, 4]
662;[5];[3, 4]
663;[5];[0, 3, 4]
664;[5];[3, 4]
665;[5];[3, 4]
666;[5];[0, 3, 4]
667;[5];[4]
668;[5];[3, 4]
669;[5];[0, 3]
670;[5];[0, 3, 4]
671;[5];[4]
672;[5];[0, 3, 4]
673;[5];[0, 3, 4]
674;[5];[3, 4]
675;[5];[0, 3, 4]
676;[5];[0, 4]
677;[5];[3, 4]
678;[5];[3, 4]
679;[5];[1]
680;[5];[3, 4]
681;[5];[3, 4]
682;[5];[3, 4]
683;[5];[3, 4]
684;[5];[3, 4]
685;[4, 5];[3, 4]
686;[5];[4]
687;[5];[3, 4]
688;[5];[0, 3, 4]
689;[5];[0, 3, 4]
690;[5];[0, 3]
691;[5];[3, 4]
692;[5];[3, 4]
693;[5];[3, 4]
694;[5];[0, 3, 4]
695;[5];[3, 4]
696;[5];[0, 3, 4]
697;[5];[0]
698;[5];[3, 4]
699;[5];[3, 4]
700;[5];[3, 4]
701;[5];[1]
702;[5];[0, 3, 4]
703;[5];[3, 4]
704;[5];[3, 4]
705;[5];[3, 4]
706;[5];[3, 4]
707;[5];[0, 3, 4]
708;[5];[0, 3, 4]
709;[5];[3, 4]
710;[5];[0, 3, 4]
711;[5];[1, 4]
712;[5];[0, 3]
713;[5];[0, 3, 4]
714;[5];[3, 4]
715;[5];[3, 4]
716;[5];[1]
717;[5];[3, 4]
718;[5];[3, 4]
719;[5];[3, 4]
720;[5];[3, 4]
721;[5];[3, 4]
722;[5];[0, 3, 4]
723;[5];[0]
724;[5];[3, 4]
725;[5];[3, 4]
726;[5];[3, 4]
727;[5];[0, 3, 4]
728;[5];[3, 4]
729;[3, 5];[3, 4]
730;[5];[3, 4]
731;[5];[3, 4]
732;[5];[3]
733;[5];[3, 4]
734;[5];[3, 4]
735;[5];[1, 3]
736;[5];[0, 3, 4]
737;[5];[3, 4]
738;[5];[3, 4]
739;[5];[0, 3, 4]
740;[5];[3, 4]
741;[5];[0, 3, 4]
742;[5];[3, 4]
743;[5];[3, 4]
744;[5];[3, 4]
745;[5];[0, 3, 4]
746;[5];[3, 4]
747;[5];[0, 3, 4]
748;[5];[0, 3, 4]
749;[5];[3, 4]
750;[5];[3, 4]
751;[5];[3, 4]
752;[5];[0, 3, 4]
753;[5];[0, 3, 4]
754;[5];[3, 4]
755;[5];[3, 4]
756;[5];[3, 4]
757;[5];[3, 4]
758;[5];[3, 4]
759;[5];[3, 4]
760;[5];[3, 4]
761;[5];[3, 4]
762;[5];[0, 3, 4]
763;[5];[3, 4]
764;[5];[0, 3, 4]
765;[5];[3, 4]
766;[5];[0, 3, 4]
767;[5];[3, 4]
768;[5];[3, 4]
769;[5];[3, 4]
770;[5];[0, 3, 4]
771;[5];[0, 3, 4]
772;[5];[3, 4]
773;[5];[0, 3, 4]
774;[0, 4];[0, 3, 4]
775;[0];[0, 3]
776;[0];[0, 3, 4]
777;[0, 4];[3, 4]
778;[0];[0, 3, 4]
779;[0];[3, 4]
780;[0];[0, 3, 4]
781;[0];[0, 3, 4]
782;[0];[0, 3]
783;[0];[3, 4]
784;[0];[3, 4]
785;[0];[0, 4]
786;[0];[3, 4]
787;[0];[0, 3, 4]
788;[0];[0, 3, 4]
789;[0];[0, 4]
790;[0];[0, 3]
791;[0, 4];[0, 3]
792;[0];[0, 3, 4]
793;[0];[0, 3]
794;[0, 4];[0, 3, 4]
795;[0];[0, 1]
796;[0];[0, 3, 4]
797;[0];[3, 4]
798;[0];[3]
799;[0];[3, 4]
800;[0];[0, 3, 4]
801;[0, 4];[4]
802;[0];[0, 3, 4]
803;[0];[0, 3]
804;[0];[0, 3]
805;[0];[0, 3, 4]
806;[0];[0, 3]
807;[0];[0, 3, 4]
808;[0];[0, 3, 4]
809;[0];[0, 3]
810;[0, 5];[0, 3]
811;[0];[0, 3, 4]
812;[0];[0, 3]
813;[0];[0, 3]
814;[0];[0, 3]
815;[0];[0, 3]
816;[0];[0, 3, 4]
817;[0];[0, 3, 4]
818;[0];[0, 3, 4]
819;[0];[0, 3]
820;[0];[3, 4]
821;[0];[3, 4]
822;[0];[0, 3, 4]
823;[0];[0, 3, 4]
824;[0];[0, 3, 4]
825;[0];[1, 4]
826;[0];[0, 3]
827;[0];[0, 3, 4]
828;[0];[0, 3, 4]
829;[0, 5];[0, 3, 4]
830;[0];[0]
831;[0];[0, 3]
832;[0, 5];[0, 3, 4]
833;[0];[0, 3, 4]
834;[0];[0, 3, 4]
835;[0];[0, 3, 4]
836;[0];[4]
837;[0];[0, 3]
838;[0];[3, 4]
839;[0];[0, 3, 4]
840;[0];[0, 3, 4]
841;[0];[0, 4]
842;[0];[0, 3, 4]
843;[0];[0, 3, 4]
844;[0];[0, 3, 4]
845;[0];[0, 3, 4]
846;[0];[0, 3, 4]
847;[0];[3, 4]
848;[0];[0, 3, 4]
849;[0];[0, 3, 4]
850;[0, 5];[0, 3, 4]
851;[0];[0, 3, 4]
852;[0];[0, 3, 4]
853;[0];[1]
854;[0];[0, 3, 4]
855;[0];[0, 3]
856;[0];[0, 3, 4]
857;[0];[3, 4]
858;[0];[0, 3, 4]
859;[0];[0, 3]
860;[0];[0, 3, 4]
861;[0];[0, 3, 4]
862;[0];[0, 3, 4]
863;[0];[0, 3, 4]
864;[0];[0, 4]
865;[0];[0, 3, 4]
866;[0];[1]
867;[0];[0, 1]
868;[0];[0, 3]
869;[0];[0, 3]
870;[0];[3, 4]
871;[0];[0, 3]
872;[0];[0, 3]
873;[0];[0, 1]
874;[0];[0, 1]
875;[0];[0, 3, 4]
876;[0];[0, 3, 4]
877;[0];[0, 3]
878;[0];[0, 1]
879;[0];[0, 3, 4]
880;[0];[0, 3, 4]
881;[0];[0, 3, 4]
882;[0, 4];[0, 3, 4]
883;[0];[3, 4]
884;[0];[0, 1]
885;[0];[0, 3, 4]
886;[0, 4];[0, 3, 4]
887;[0];[0, 3, 4]
888;[0];[0, 1]
889;[0];[0, 3, 4]
890;[0];[0, 4]
891;[0];[1]
892;[0];[0, 1]
893;[0];[0, 3, 4]
894;[0];[0, 4]
895;[0];[0, 3]
896;[0];[0, 3, 4]
897;[0];[0, 3, 4]
898;[0];[0, 3]
899;[0, 5];[0, 3, 4]
900;[0];[0, 3]
901;[0];[3, 4]
902;[0];[0]
903;[0];[0, 3, 4]
904;[0, 5];[3, 4]
905;[0];[0, 3]
906;[0, 4];[0, 3]
907;[0];[0, 3, 4]
908;[0];[0, 3]
909;[0];[0, 4]
910;[0];[0, 3]
911;[0];[0, 3, 4]
912;[0];[0, 3]
913;[0];[0, 1]
914;[0];[0, 3, 4]
915;[0];[3, 4]
916;[0];[0, 3, 4]
917;[0];[0, 3, 4]
918;[0];[0, 3, 4]
919;[0];[3, 4]
920;[0];[0, 3, 4]
921;[0];[0]
922;[0];[0, 3, 4]
923;[0];[0, 3, 4]
924;[0];[0, 3, 4]
925;[0];[0, 3, 4]
926;[0];[0]
927;[0, 4];[0, 3, 4]
928;[0];[0, 3, 4]
929;[0, 4];[0, 3, 4]
930;[0];[0, 3, 4]
931;[0];[0]
932;[0];[0, 3]
933;[0];[3, 4]
934;[0];[0, 3, 4]
935;[0, 4];[0, 3, 4]
936;[0];[3, 4]
937;[0];[0, 3, 4]
938;[0];[0, 3]
939;[0, 3];[3, 4]
940;[0];[0, 3, 4]
941;[0];[0, 3, 4]
942;[0];[0, 3]
943;[0, 5];[0, 3]
944;[0];[0, 3]
945;[0];[0, 3, 4]
946;[0];[0, 3, 4]
947;[0, 4];[0, 3]
948;[0, 4];[0, 3, 4]
949;[0];[0, 3, 4]
950;[0, 4];[0, 3, 4]
951;[0];[0, 1]
952;[0];[3, 4]
953;[0, 4];[3]
954;[0, 4];[3, 4]
955;[0];[3, 4]
956;[0];[0, 3, 4]
957;[0];[0, 1]
958;[0];[3, 4]
959;[0];[0]
960;[0];[0, 4]
961;[0];[0, 3, 4]
962;[0];[0, 1]
963;[0];[0, 3, 4]
964;[0];[0, 3]
965;[0];[0, 3, 4]
966;[0];[0, 3]
967;[0, 4];[0, 3]
968;[0];[3, 4]
969;[0];[0, 3, 4]
970;[0];[0, 3]
971;[0];[0, 3, 4]
972;[0];[0, 3]
973;[0];[0, 3, 4]
974;[1];[1]
975;[1];[1, 3]
976;[1];[1]
977;[1];[1]
978;[1];[1]
979;[1];unknwon
980;[1];[1]
981;[1];unknwon
982;[1];[1]
983;[1];[1, 3]
984;[1];[1]
985;[1];[1]
986;[1];[1]
987;[1];unknwon
988;[1];[1]
989;[1];[3, 4]
990;[1];[1, 4]
991;[2];[3]
992;[2, 3];[3]
993;[2];[3, 4]
994;[2, 3];[3]
995;[2];[1, 3]
996;[2];[1, 4]
997;[2];[1, 4]
998;[2, 3, 4];[3]
999;[2];[3, 4]
1000;[2, 3];[1]
1001;[2];[1]
1002;[2, 4];[3, 4]
1003;[2];[1]
1004;[2];[0]
1005;[2];[1]
1006;[2];[3]
1007;[2];[1]
1008;[2];[1]
1009;[2, 3];[3]
1010;[2, 3];[3]
1011;[2];[0, 3]
1012;[2];[0, 3]
1013;[2];[1]
1014;[2];[1]
1015;[2];[1]
1016;[2];[0, 3]
1017;[2];[1]
1018;[2];[3, 4]
1019;[2, 3];[1, 3]
1020;[2, 4];[0]
1021;[2];[0]
1022;[2, 4];[0]
1023;[2];[1]
1024;[2];[1, 3]
1025;[2];[1]
1026;[2];[1, 3]
1027;[2];[1]
1028;[2];[1]
1029;[2];[3, 4]
1030;[2];[3, 4]
1031;[2];[1]
1032;[2];[1, 3]
1033;[2];[3, 4]
1034;[2];[3, 4]
1035;[2];[1]
1036;[2];[1]
1037;[2];[3, 4]
1038;[2];[3, 4]
1039;[2];[1]
1040;[2];[3, 4]
1041;[2];[3, 4]
1042;[2];[3, 4]
1043;[2];[0, 3, 4]
1044;[2];[3, 4]
1045;[2];[0, 3, 4]
1046;[2];[1]
1047;[2];[1]
1048;[2];[1]
1049;[2];[1]
1050;[2];[1]
1051;[2];[0, 3]
1052;[2];[1]
1053;[2];[0]
1054;[2];[1]
1055;[2];[1]
1056;[2];[1]
1057;[2];unknwon
1058;[2];[1]
1059;[2];[1]
1060;[2];[1, 3]
1061;[2];[1]
1062;[2];[1]
1063;[2];[1]
1064;[2];[1]
1065;[2];[3, 4]
1066;[2];[0, 3, 4]
1067;[2];[3, 4]
1068;[2];[3, 4]
1069;[2];[1]
1070;[2];[1]
1071;[2];[1]
1072;[2];[1]
1073;[2];[1]
1074;[2];[1]
1075;[2];[1, 3]
1076;[2];[1]
1077;[2];[1]
1078;[2];[1]
1079;[2];[1]
1080;[2];[1]
1081;[2];[3, 4]
1082;[2];[1]
1083;[2];[1]
1084;[2];[1]
1085;[2];[1]
1086;[2];[1]
1087;[2];[1]
1088;[2];[1]
1089;[2];[1]
1090;[2];[1, 3]
1091;[2];[1, 3]
1092;[2];[1]
1093;[2];[0]
1094;[2];[1]
1095;[2];[1]
1096;[2];[1]
1097;[2];[0, 3, 4]
1098;[2];[1]
1099;[2];[3, 4]
1100;[2];[1]
1101;[2];[1]
1102;[2];[1]
1103;[2];[3, 4]
1104;[2];[0, 3, 4]
1105;[2];[1]
1106;[2];[1]
1107;[2];[0]
1108;[2];[0, 3, 4]
1109;[2];[0, 3]
1110;[2];unknwon
1111;[2];[1]
1112;[2];[1]
1113;[2];[1]
1114;[2];[0, 3, 4]
1115;[2];[0, 3, 4]
1116;[2];[1]
1117;[2];[3, 4]
1118;[2];[0, 3, 4]
1119;[2];[1]
1120;[2];[1]
1121;[2];[3, 4]
1122;[2, 3];[3, 4]
1123;[2];[1]
1124;[2];[0, 3, 4]
1125;[2];[1]
1126;[2];[3, 4]
1127;[2];[1]
1128;[2];[1]
1129;[2];[1]
1130;[2];[3, 4]
1131;[2];[1]
1132;[2];[1]
1133;[2];[1]
1134;[2];[0, 3, 4]
1135;[2];[3, 4]
1136;[2];[1]
1137;[2];[1, 3]
1138;[2];[0]
1139;[2];[0, 3, 4]
1140;[2];[0, 3, 4]
1141;[2];[0, 3]
1142;[2];[1]
1143;[2, 4];[1]
1144;[2, 4];[3, 4]
1145;[2];[0, 3, 4]
1146;[2];[3, 4]
1147;[2];[0]
1148;[2];[3, 4]
1149;[2];[3, 4]
1150;[2];[1]
1151;[2];[1]
1152;[2];[1]
1153;[2];[1]
1154;[2];[1]
1155;[2];[0, 3, 4]
1156;[2];[1]
1157;[2];[0, 1]
1158;[2];[0, 3, 4]
1159;[2];[0, 3, 4]
1160;[2];[1]
1161;[2];[0, 3, 4]
1162;[2];[0, 3]
1163;[2];[0, 1]
1164;[2];[0, 3, 4]
1165;[2];[1]
1166;[2];[0, 3, 4]
1167;[2];[0, 4]
1168;[2];[1]
1169;[2];[1, 3]
1170;[2];[1]
1171;[2];[0, 3, 4]
1172;[2];[1, 3]
1173;[2];[3, 4]
1174;[2];[0]
1175;[2];[3, 4]
1176;[2];[1]
1177;[2];[0]
1178;[2];[0, 3, 4]
1179;[2];[0, 3, 4]
1180;[2];[0, 3, 4]
1181;[2];[1]
1182;[2];[1, 3]
1183;[2];[1]
1184;[2];[1]
1185;[2];[3, 4]
1186;[2];[3, 4]
1187;[2];unknwon
1188;[1];[1]
1189;[1];[1]
1190;[1];[1]
1191;[1];[0, 3, 4]
1192;[1];[0, 1]
1193;[1];[1]
1194;[1];[1]
1195;[1];[1]
1196;[1];[1]
1197;[1];[1]
1198;[1];[1]
1199;[1];[1]
1200;[1];[1]
1201;[1];[1]
1202;[1];[1]
1203;[1];[1]
1204;[1];[1]
1205;[1];[1]
1206;[1];[1, 4]
1207;[1];[0, 3, 4]
1208;[1];[1]
1209;[1];[3, 4]
1210;[1];[1]
1211;[1];[4]
1212;[1];[1]
1213;[1];[1]
1214;[1];[1]
1215;[1];[1]
1216;[1];[1]
1217;[1];[1]
1218;[1];[1]
1219;[1];[1]
1220;[1];[1]
1221;[1];[1, 3]
1222;[1];[1]
1223;[1];[1]
1224;[1];[1]
1225;[1];[3]
1226;[1];[1]
1227;[1];[1]
1228;[1];[1]
1229;[1];[1]
1230;[1];[1]
1231;[1];[1]
1232;[1];[1]
1233;[1];[1, 3]
1234;[1];[1]
1235;[1];[1]
1236;[1];[1]
1237;[1];[1]
1238;[1];[0, 3, 4]
1239;[1];[1]
1240;[1];[1]
1241;[1];[1]
1242;[1];[1, 3]
1243;[1];[1]
1244;[1];[1]
1245;[1];[1]
1246;[1];[1]
1247;[1];[0, 3, 4]
1248;[1];[1]
1249;[1];[1, 4]
1250;[1];[1, 3]
1251;[1];[1]
1252;[1];[1]
1253;[1];[1]
1254;[1];[1, 4]
1255;[1];[1]
1256;[1];[1, 4]
1257;[1];[1]
1258;[1];[1]
1259;[1];[1]
1260;[1];[1]
1261;[1];[1]
1262;[1];unknwon
1263;[1];[1]
1264;[1];[1]
1265;[1];[1]
1266;[1];[3, 4]
1267;[1];[1]
1268;[1];[1]
1269;[1];[1]
1270;[1];[1]
1271;[1];[1]
1272;[1];[1]
1273;[1];[1]
1274;[1];[1]
1275;[1];[1]
1276;[1];[0, 3, 4]
1277;[1];[1]
1278;[1];[1]
1279;[1];[1]
1280;[1];[1, 4]
1281;[1];[1]
1282;[1];[1]
1283;[1];[1]
1284;[1];[1, 4]
1285;[1];[0, 4]
1286;[1];[1]
1287;[1];[1]
1288;[1];[1]
1289;[1];[1, 4]
1290;[1];[1]
1291;[1];[1]
1292;[1];[1]
1293;[1];[1]
1294;[1];[1]
1295;[1];[1]
1296;[1];[1]
1297;[1];[1]
1298;[1];[1]
1299;[1];[1]
1300;[1];[1]
1301;[1];[0, 3, 4]
1302;[1];[1]
1303;[1];[1]
1304;[1];[1]
1305;[1];[1]
1306;[1];[1]
1307;[1];[1]
1308;[1];[3, 4]
1309;[1];[1]
1310;[1];[3, 4]
1311;[1];[1]
1312;[1];[1]
1313;[1];[1]
1314;[1];[1]
1315;[1];[1]
1316;[1];[1]
1317;[1];[1]
1318;[1];[1]
1319;[1];[1]
1320;[1];[1]
1321;[1];[1]
1322;[1];[0, 3, 4]
1323;[1];[1]
1324;[1];[1]
1325;[1];[1]
1326;[1];[1]
1327;[1];[1]
1328;[1];[1]
1329;[1];[1]
1330;[1];[1]
1331;[1];[1]
1332;[1];[0, 1]
1333;[1];[1]
1334;[1];[1, 4]
1335;[1];[1]
1336;[1];[1]
1337;[1];[1]
1338;[1];[1]
1339;[1];[1]
1340;[1];[3, 4]
1341;[1];[3, 4]
1342;[1];[1]
1343;[1];[1]
1344;[1];[1]
1345;[1];[0, 3, 4]
1346;[1];[1]
1347;[1];[1]
1348;[1];[1]
1349;[1];[1]
1350;[1];[1]
1351;[1];[1]
1352;[1];[1]
1353;[1];[1]
1354;[1];[1]
1355;[1];[1]
1356;[1];[1]
1357;[1];[1]
1358;[1];[1]
1359;[1];[1]
1360;[1];[1]
1361;[1];[1]
1362;[1];[1]
1363;[1];[1]
1364;[1];[0, 3, 4]
1365;[1];[0, 3, 4]
1366;[1];[1]
1367;[1];[1]
1368;[1];[1]
1369;[1];unknwon
1370;[2];[1]
1371;[2];[1, 3]
1372;[2];[1]
1373;[2];[0, 1]
1374;[2];[1]
1375;[2, 3];[1]
1376;[2, 3];[0, 3, 4]
1377;[2, 4];[3, 4]
1378;[2, 3];[3]
1379;[2];[3, 4]
1380;[2, 3];[3, 4]
1381;[2, 3];[1]
1382;[2];[0, 1]
1383;[2];[1]
1384;[2];[1]
1385;[2, 3];[3, 4]
1386;[2];[1]
1387;[2];[1, 3]
1388;[2];[0, 3, 4]
1389;[2];[0, 3, 4]
1390;[2, 3];[3]
1391;[2];[1]
1392;[2];[3, 4]
1393;[2];[1]
1394;[2, 3];[1]
1395;[2];[1]
1396;[2];[3]
1397;[2];[1]
1398;[2];[3, 4]
1399;[2];[1]
1400;[2];[1]
1401;[2, 4];[0, 3, 4]
1402;[2, 4];[0, 3, 4]
1403;[2];[1]
1404;[2];[1]
1405;[2];[1]
1406;[2];[1]
1407;[2];[0, 3, 4]
1408;[2];[1]
1409;[2];[3, 4]
1410;[2, 3];[0, 3, 4]
1411;[2, 3];[1, 3]
1412;[2, 3];[1]
1413;[2];[0, 3, 4]
1414;[2];[1]
1415;[2];[3]
1416;[2];[1]
1417;[2];[0, 3, 4]
1418;[2];[0]
1419;[2];[1, 3]
1420;[2];[1, 3]
1421;[2];[0, 3, 4]
1422;[2];[0]
1423;[2];[1]
1424;[2];[1]
1425;[2];[0, 3, 4]
1426;[2];[1]
1427;[2];[0, 1]
1428;[2, 4];[3, 4]
1429;[2];[1]
1430;[2];[1]
1431;[2];[1]
1432;[2];[1, 3]
1433;[2];[0, 3]
1434;[2];[0, 3, 4]
1435;[2];[1]
1436;[2];[1]
1437;[2, 4];[0, 3, 4]
1438;[2];[1]
1439;[2];[0]
1440;[2];[3, 4]
1441;[2];[1]
1442;[2];[1, 3]
1443;[2];[0, 3, 4]
1444;[2];[0, 3, 4]
1445;[2];[1]
1446;[2];[1]
1447;[2];[1]
1448;[2, 3];[3, 4]
1449;[2];[1]
1450;[2];[0]
1451;[2];[3, 4]
1452;[2];[1]
1453;[2];[1]
1454;[2];[1]
1455;[2];[1]
1456;[2];[1]
1457;[2];[1]
1458;[2];[1]
1459;[2];[1]
1460;[2];[1]
1461;[2];[3, 4]
1462;[2];[1]
1463;[2, 3];[3, 4]
1464;[2];[1]
1465;[2];[1]
1466;[2];[1]
1467;[2];[1]
1468;[2];unknwon
1469;[2];[1]
1470;[2];[0, 1]
1471;[2];[1]
1472;[2];[1]
1473;[2];[1]
1474;[2];[1]
1475;[2];[3]
1476;[2];[0, 3, 4]
1477;[2];[1]
1478;[2];[1, 3]
1479;[2];[3]
1480;[2];[1, 3]
1481;[2];[1, 3]
1482;[2];[1]
1483;[2];[1]
1484;[2];[1, 3]
1485;[2];[1, 3]
1486;[2];[0, 3, 4]
1487;[2];[3]
1488;[2];[1]
1489;[2];[1, 3]
1490;[2];[1, 3]
1491;[2];[3, 4]
1492;[2];[0]
1493;[2];[1, 3]
1494;[2];[1]
1495;[2];[1]
1496;[2];[1]
1497;[2];[0, 3, 4]
1498;[2];[1, 3]
1499;[2];[1]
1500;[2];[3, 4]
1501;[2, 3];[0, 1]
1502;[2];[1]
1503;[2];[1, 3]
1504;[2];[0, 1]
1505;[2];[1, 4]
1506;[2];[0, 1]
1507;[2];[3, 4]
1508;[2];[0, 1]
1509;[2, 3];[0, 1]
1510;[2];[0, 3, 4]
1511;[2];[1]
1512;[2];[1, 3]
1513;[2];[1, 3]
1514;[2];[1]
1515;[2];[1]
1516;[2];[1]
1517;[2];[1, 3]
1518;[2];[1, 3]
1519;[2];[0, 1, 3]
1520;[2];[1, 3]
1521;[2];[1]
1522;[2];[1]
1523;[2];[1]
1524;[2];[0, 1]
1525;[2, 3];[1, 3]
1526;[2];[1, 3]
1527;[2, 4];[0, 1]
1528;[2, 4];[1]
1529;[2];[1, 4]
1530;[2];[1]
1531;[2];[1, 3, 4]
1532;[2];[1]
1533;[2];[1]
1534;[2];[1]
1535;[2];[0, 1]
1536;[2];[1]
1537;[2];[0, 1]
1538;[2];[0, 1, 4]
1539;[2];[1]
1540;[2];[1]
1541;[2];[0, 1, 3]
1542;[2];[1]
1543;[2];[0, 1]
1544;[2];[0, 1, 3]
1545;[2];[0, 3, 4]
1546;[2];[0, 1, 3]
1547;[2];[1, 3]
1548;[2];[0, 1]
1549;[2];[0, 4]
1550;[2];[1, 3]
1551;[2];unknwon
1552;[2];[0, 1]
1553;[2];[0, 4]
1554;[2];[0, 4]
1555;[2];[1]
1556;[2];[1]
1557;[2];[1, 3]
1558;[2, 4];unknwon
1559;[2];[1]
1560;[2];[1, 3]
1561;[2];[0, 1, 3]
1562;[2];[1, 3]
1563;[2];[0, 1]
1564;[2];[0, 1]
1565;[2];[1, 3]
1566;[2];[0, 1, 3]
1567;[2];unknwon
1568;[2];[1]
1569;[2];[1]
1570;[3];[1, 4]
1571;[3];[1, 3]
1572;[3, 4];[3, 4]
1573;[3, 4];[1, 3, 4]
1574;[3];[1, 3, 4]
1575;[3];[1, 3]
1576;[3];[1, 3]
1577;[3];[1, 3, 4]
1578;[3];[1, 3]
1579;[3];[0, 3, 4]
1580;[3, 4];[1, 3, 4]
1581;[3];[1, 3]
1582;[3];[1, 3, 4]
1583;[3, 4];[3, 4]
1584;[3, 4];[1, 3, 4]
1585;[3, 4];[1, 4]
1586;[3];[0, 3]
1587;[3];[0, 3]
1588;[3];[1, 3]
1589;[3];[0, 1, 3]
1590;[3];[0, 1, 3]
1591;[3];[1, 3]
1592;[3];[1, 3]
1593;[3];[1, 3]
1594;[3, 4];[1, 3]
1595;[3];[1, 3, 4]
1596;[3];[1, 3]
1597;[3];[1, 3]
1598;[3];[0, 1, 3]
1599;[3];[1, 3]
1600;[3];[1, 3]
1601;[3];[1, 3]
1602;[3];[1, 3]
1603;[3];[1, 3]
1604;[3];[1, 3]
1605;[3];[1, 4]
1606;[3];[1, 3]
1607;[3];[0, 1]
1608;[3];[3]
1609;[3];[0, 3, 4]
1610;[3];[1, 3]
1611;[3];[1, 3, 4]
1612;[3];[1, 3]
1613;[3];[1, 3, 4]
1614;[3];[1, 3, 4]
1615;[3];[3, 4]
1616;[3];[1, 3]
1617;[3, 4];[0, 3, 4]
1618;[3];[1, 3]
1619;[3];[0, 1]
1620;[3];[1, 3]
1621;[3];[0, 3]
1622;[3];[0, 1, 3]
1623;[3];[1, 3]
1624;[3];[1, 3]
1625;[3];[1, 3]
1626;[3];[1, 3]
1627;[3];[1, 3]
1628;[3];[0, 1, 3]
1629;[3];[0, 1, 3]
1630;[3, 4];[3, 4]
1631;[3, 4];[1, 3, 4]
1632;[3];[0, 4]
1633;[3];[0, 1, 3]
1634;[3];[1, 3]
1635;[3];[0, 3, 4]
1636;[3];[1, 3, 4]
1637;[3];[1, 3]
1638;[3];[0, 3, 4]
1639;[3];[0, 3, 4]
1640;[3];[0, 4]
1641;[3];[0, 4]
1642;[3];[0, 3]
1643;[3];[0, 4]
1644;[3];[1, 3, 4]
1645;[3, 4];[0, 3, 4]
1646;[3, 4];[1, 3, 4]
1647;[3, 4];[0, 3, 4]
1648;[3];[1, 3, 4]
1649;[3];[1, 3]
1650;[3];[1, 3, 4]
1651;[3, 4];[1, 3, 4]
1652;[3];[1, 3, 4]
1653;[3];[0, 3, 4]
1654;[3];[0, 1, 3]
1655;[3];[3, 4]
1656;[3];[0, 4]
1657;[3];[0, 3, 4]
1658;[3];[0, 3, 4]
1659;[3];[0, 4]
1660;[3];[3, 4]
1661;[3];[0, 4]
1662;[3, 4];[0, 3, 4]
1663;[3];[1, 3]
1664;[3];[0, 3, 4]
1665;[3];[0, 3, 4]
1666;[3];[3, 4]
1667;[3];[1, 3]
1668;[3];[1, 3]
1669;[3];[1]
1670;[3];[1]
1671;[3];[1, 3]
1672;[3];[1, 3, 4]
1673;[3];[0, 1, 3]
1674;[3];[1, 3]
1675;[3];[1, 3]
1676;[3];[1, 3]
1677;[3];[0, 1, 3]
1678;[3];[0, 1]
1679;[3];[1, 3, 4]
1680;[3];[0, 1, 3]
1681;[3];[1, 3]
1682;[3];[3]
1683;[3];[1, 3]
1684;[3, 4];[3, 4]
1685;[3, 4];[1, 3]
1686;[3, 4];[3, 4]
1687;[3];[0, 4]
1688;[3];[0, 3]
1689;[3];[0, 1, 3]
1690;[3, 4];[3, 4]
1691;[3];[3, 4]
1692;[3];[0, 3, 4]
1693;[3, 4];[1, 3, 4]
1694;[3];[1, 3, 4]
1695;[3];[0, 4]
1696;[3, 4];[3, 4]
1697;[3, 4];[3, 4]
1698;[3];[1, 3, 4]
1699;[3];[1]
1700;[3];[0, 1]
1701;[3, 4];[1, 3, 4]
1702;[3];[1, 4]
1703;[3];[1, 3]
1704;[3];[3, 4]
1705;[3];[3, 4]
1706;[3];[0, 3, 4]
1707;[3];[1, 3]
1708;[3, 4];[3, 4]
1709;[3];[1, 3]
1710;[3];[0, 3]
1711;[3, 4];[0, 3, 4]
1712;[3, 4];[3, 4]
1713;[3];[3, 4]
1714;[3];[1, 3, 4]
1715;[3];[0, 3, 4]
1716;[3];[0, 3, 4]
1717;[3];[1, 3]
1718;[3];[1, 3, 4]
1719;[3];[0]
1720;[3];[0, 3]
1721;[3, 4];[1, 3, 4]
1722;[3, 4];[0, 1]
1723;[3];[1, 3, 4]
1724;[3];[3, 4]
1725;[3, 4];[0, 1]
1726;[3];[3, 4]
1727;[3];[1, 3, 4]
1728;[3];[0, 1, 3]
1729;[3];[0, 1]
1730;[3];[1, 3]
1731;[3];[0, 4]
1732;[3];[1, 3]
1733;[3];[1, 3]
1734;[3, 4];[0, 3, 4]
1735;[3];[3, 4]
1736;[3, 4];[0, 3, 4]
1737;[3];[3, 4]
1738;[3];[3, 4]
1739;[3];[0, 1]
1740;[3];[1, 3]
1741;[3];[0, 3]
1742;[3];[3, 4]
1743;[3];[3, 4]
1744;[3];[0, 3, 4]
1745;[3];[3, 4]
1746;[3];[3, 4]
1747;[3];[3, 4]
1748;[3];[0, 3, 4]
1749;[3];[0, 4]
1750;[3];[0, 3, 4]
1751;[3];[1, 3, 4]
1752;[3];[3, 4]
1753;[3];[1, 3]
1754;[3];[1, 3, 4]
1755;[3];[0, 1]
1756;[3];[0, 4]
1757;[3];[0, 1, 3]
1758;[3];[0, 1, 3]
1759;[3];[0, 1]
1760;[3];[0, 1]
1761;[3];[0, 4]
1762;[3];[0, 1, 3]
1763;[3];[1, 3, 4]
1764;[3];[0, 1]
1765;[3];[0, 4]
1766;[3];[0, 1]
1767;[4];[0, 4]
1768;[4];[0, 4]
1769;[4];[0, 4]
1770;[4];[0, 3, 4]
1771;[4];[1, 3, 4]
1772;[4];[0, 3, 4]
1773;[4];[0, 4]
1774;[4];[0, 4]
1775;[4];[0, 3, 4]
1776;[4];[0, 3, 4]
1777;[4];[0, 3, 4]
1778;[4];[0, 4]
1779;[4];[0, 3, 4]
1780;[4];[0, 1]
1781;[4];[1, 3, 4]
1782;[4];[0, 1]
1783;[4];[0, 3, 4]
1784;[4];[0, 4]
1785;[4];[0, 1]
1786;[4];[0, 3, 4]
1787;[4];[1, 3, 4]
1788;[4];[1, 3, 4]
1789;[4];[0, 3, 4]
1790;[4];[0, 3, 4]
1791;[4];[0, 4]
1792;[4];[0, 3, 4]
1793;[4];[0, 3, 4]
1794;[3, 4];[0, 4]
1795;[3, 4];[3, 4]
1796;[4];[1, 3, 4]
1797;[4];[1, 3, 4]
1798;[4];[1, 3, 4]
1799;[4];[1, 3, 4]
1800;[4];[0, 4]
1801;[3, 4];[0, 4]
1802;[4];[0, 4]
1803;[3, 4];[0, 4]
1804;[4];[0, 4]
1805;[4];[1, 4]
1806;[4];[1, 3, 4]
1807;[4];[1, 4]
1808;[4];[0, 4]
1809;[4];[1, 4]
1810;[4];[0, 1]
1811;[4];[1]
1812;[3, 4];[0, 4]
1813;[4];[0, 3, 4]
1814;[4];[0, 3, 4]
1815;[4];[1, 4]
1816;[4];[1, 4]
1817;[4];[0, 3, 4]
1818;[4];[0, 4]
1819;[4];[1, 4]
1820;[4];[0, 3, 4]
1821;[4];[1, 3, 4]
1822;[4];[1, 3, 4]
1823;[4];[0, 4]
1824;[4];[0, 4]
1825;[4];[0, 3, 4]
1826;[4];[1, 3]
1827;[4];[0, 3, 4]
1828;[4];[1, 4]
1829;[4];[0, 4]
1830;[4];[0, 3, 4]
1831;[4];[0, 4]
1832;[4];[3, 4]
1833;[4];[0, 3]
1834;[3, 4];[1, 4]
1835;[4];[1]
1836;[3, 4];[1, 4]
1837;[4];[0, 3, 4]
1838;[4];[1, 3, 4]
1839;[4];[1, 3, 4]
1840;[4];[0, 3, 4]
1841;[4];[0, 3, 4]
1842;[4];[0, 3, 4]
1843;[4];[0, 3, 4]
1844;[4];[1, 4]
1845;[4];[1, 4]
1846;[4];[1, 4]
1847;[4];[1, 4]
1848;[4];[1, 4]
1849;[4];[1, 4]
1850;[4];[0, 4]
1851;[4];[0, 1]
1852;[4];[0, 1]
1853;[4];[1, 4]
1854;[4];[0, 3, 4]
1855;[4];[3, 4]
1856;[4];[1, 3, 4]
1857;[4];[1, 3, 4]
1858;[4];[1, 3, 4]
1859;[4];[0, 1]
1860;[4];[1, 4]
1861;[4];[1, 3, 4]
1862;[4];[1, 4]
1863;[4];[0, 1]
1864;[4];[1, 4]
1865;[4];[1, 4]
1866;[4];[0, 1]
1867;[4];[0, 3, 4]
1868;[4];[1, 3, 4]
1869;[4];[1, 4]
1870;[4];[1, 4]
1871;[4];[1, 4]
1872;[4];[1, 4]
1873;[4];[1]
1874;[4];[1, 4]
1875;[4];[0, 3, 4]
1876;[4];[0, 4]
1877;[3, 4];[0, 3, 4]
1878;[4];[0, 4]
1879;[4];[1, 4]
1880;[4];[1, 3, 4]
1881;[4];[0, 3, 4]
1882;[3, 4];[1, 3, 4]
1883;[4];[0, 3, 4]
1884;[4];[1, 3, 4]
1885;[4];[1, 4]
1886;[3, 4];[0, 3, 4]
1887;[4];[0, 4]
1888;[4];[1, 4]
1889;[4];[1, 4]
1890;[4];[0, 1]
1891;[4];[1, 3, 4]
1892;[4];[0, 3, 4]
1893;[3, 4];[3, 4]
1894;[4];[0, 3, 4]
1895;[4];[0, 3, 4]
1896;[4];[0, 4]
1897;[4];[0, 3, 4]
1898;[4];[1, 4]
1899;[4];[0, 3, 4]
1900;[4];[0, 3, 4]
1901;[4];[1, 3, 4]
1902;[4];[0, 3, 4]
1903;[4];[0, 3, 4]
1904;[4];[1, 3, 4]
1905;[4];[1, 3, 4]
1906;[4];[0, 4]
1907;[4];[1, 3, 4]
1908;[4];[1, 4]
1909;[4];[1, 4]
1910;[4];[0, 4]
1911;[4];[1, 4]
1912;[4];[1, 3, 4]
1913;[4];[0, 1, 3]
1914;[4];[1, 4]
1915;[4];[1, 3, 4]
1916;[4];[0, 4]
1917;[4];[0, 4]
1918;[4];[0, 4]
1919;[4];[0, 3, 4]
1920;[4];[1, 4]
1921;[4];[0, 4]
1922;[4];[0, 4]
1923;[4];[1]
1924;[4];[0, 4]
1925;[3, 4];[1, 4]
1926;[4];[1, 4]
1927;[3, 4];[0, 3, 4]
1928;[4];[0, 4]
1929;[4];[1, 3, 4]
1930;[4];[0, 3, 4]
1931;[4];[1, 3, 4]
1932;[4];[1, 3, 4]
1933;[4];[0, 4]
1934;[4];[0, 4]
1935;[3, 4];[0, 3, 4]
1936;[4];[0, 4]
1937;[3, 4];[0, 3, 4]
1938;[4];[0, 4]
1939;[4];[0, 4]
1940;[4];[1, 4]
1941;[4];[0, 4]
1942;[4];[0, 1]
1943;[4];[0, 4]
1944;[4];[3, 4]
1945;[4];[1]
1946;[4];[0, 3, 4]
1947;[4];[0, 1]
1948;[4];[0, 1]
1949;[4];[1, 4]
1950;[3, 4];[3, 4]
1951;[4];[0, 3, 4]
1952;[4];[0, 4]
1953;[4];[0, 3, 4]
1954;[4];[0, 4]
1955;[4];[0, 4]
1956;[3, 4];[1, 3, 4]
1957;[4];[0, 1]
1958;[3, 4];[3, 4]
1959;[4];[0, 4]
1960;[4];[0, 3, 4]
1961;[4];[1, 3, 4]
1962;[4];[1, 3, 4]
1963;[4];[0, 3, 4]
1964;[4];[1, 4]
1965;[4];[1, 3, 4]
1966;[4];[1, 3, 4]
1967;[5];[0, 4]
1968;[5];[0, 1]
1969;[5];[0, 4]
1970;[5];[0, 1]
1971;[5];[0, 4]
1972;[5];[0, 1]
1973;[5];[0, 1]
1974;[5];[0, 1]
1975;[5];[0, 4]
1976;[5];[0, 4]
1977;[5];[1, 4]
1978;[5];[0, 4]
1979;[5];[1, 4]
1980;[5];[0, 4]
1981;[5];[0, 1]
1982;[5];[1, 4]
1983;[5];[1, 3, 4]
1984;[5];[0, 4]
1985;[5];[1, 4]
1986;[5];[0, 4]
1987;[5];[0, 4]
1988;[5];[1, 4]
1989;[5];[0, 3, 4]
1990;[5];[1, 4]
1991;[5];[0, 4]
1992;[5];[1, 4]
1993;[5];[0, 4]
1994;[5];[0, 4]
1995;[5];[0, 3, 4]
1996;[5];[0, 4]
1997;[5];[0, 1]
1998;[5];[1, 4]
1999;[5];[0, 4]
2000;[5];[1, 4]
2001;[5];[4]
2002;[5];[4]
2003;[5];[0]
2004;[5];[4]
2005;[5];[4]
2006;[5];[4]
2007;[5];[4]
2008;[5];[3]
2009;[5];[4]
2010;[5];[0]
2011;[5];[0]
2012;[5];[0]
2013;[5];[4]
2014;[5];[4]
2015;[5];[3]
2016;[5];[0]
2017;[5];[4]
2018;[5];[0]
2019;[5];[0]
2020;[5];[4]
2021;[5];[0]
2022;[5];[0]
2023;[3, 5];[1]
2024;[5];[3]
2025;[5];[0]
2026;[5];[0]
2027;[5];[1]
2028;[5];[4]
2029;[5];[4]
2030;[5];[4]
2031;[5];[4]
2032;[5];[4]
2033;[5];[4]
2034;[5];[0]
2035;[5];[0]
2036;[5];[0]
2037;[5];[0]
2038;[5];[4]
2039;[5];[4]
2040;[5];[0]
2041;[5];[0]
2042;[5];[4]
2043;[5];[0]
2044;[5];[0]
2045;[5];[0]
2046;[5];[3]
2047;[3, 5];[3]
2048;[3, 5];[3]
2049;[5];[1]
2050;[5];[1]
2051;[5];[1]
2052;[5];[0]
2053;[5];[4]
2054;[5];[0]
2055;[5];[0]
2056;[5];[4]
2057;[5];[4]
2058;[5];[3]
2059;[5];[0, 4]
2060;[5];[0]
2061;[5];[4]
2062;[5];[0, 4]
2063;[5];[0]
2064;[5];[0, 4]
2065;[5];[4]
2066;[5];[4]
2067;[5];[4]
2068;[5];[3]
2069;[5];[0]
2070;[5];[0]
2071;[5];[1]
2072;[5];[0]
2073;[5];[4]
2074;[5];[3]
2075;[5];[1]
2076;[5];[4]
2077;[5];[0]
2078;[5];[4]
2079;[5];[1]
2080;[5];[4]
2081;[5];[0]
2082;[5];[0]
2083;[5];[4]
2084;[5];[4]
2085;[5];[0]
2086;[5];[4]
2087;[5];[4]
2088;[5];[4]
2089;[5];[3]
2090;[5];[0]
2091;[5];[0]
2092;[5];[4]
2093;[5];[0]
2094;[5];[0]
2095;[5];[0]
2096;[5];[3]
2097;[5];[4]
2098;[5];[3, 4]
2099;[5];[0]
2100;[5];[1]
2101;[5];[4]
2102;[5];[4]
2103;[5];[3]
2104;[3, 5];[3]
2105;[5];[4]
2106;[5];[3]
2107;[5];[0]
2108;[5];[0]
2109;[5];[4]
2110;[5];[0]
2111;[5];[3]
2112;[5];[4]
2113;[5];[4]
2114;[5];[0]
2115;[5];[4]
2116;[5];[4]
2117;[5];[0]
2118;[5];[0]
2119;[5];[0]
2120;[5];[0]
2121;[5];[0]
2122;[5];[4]
2123;[5];[0]
2124;[5];[0]
2125;[3, 5];[3]
2126;[5];[0]
2127;[5];[4]
2128;[5];[3]
2129;[5];[4]
2130;[5];[3]
2131;[5];[4]
2132;[5];[4]
2133;[5];[1]
2134;[5];[1]
2135;[5];[4]
2136;[5];[3]
2137;[5];[0]
2138;[5];[0]
2139;[5];[0]
2140;[5];[0]
2141;[5];[4]
2142;[5];[4]
2143;[5];[4]
2144;[5];[3]
2145;[5];[4]
2146;[5];[0]
2147;[5];[0]
2148;[5];[4]
2149;[5];[0]
2150;[5];[0]
2151;[5];[4]
2152;[5];[3]
2153;[5];[3]
2154;[5];[4]
2155;[5];[3]
2156;[5];[0]
2157;[5];[4]
2158;[5];[0]
2159;[5];[3]
2160;[5];[4]
2161;[5];[3]
2162;[5];[3]
2163;[5];[0]
2164;[5];[3]
2165;[5];[0]
2166;[5];[0]
